<?xml version="1.0"?>
<wpml-config>
    <admin-texts>
        <key name="smartbox-options">
            <key name="blog_readmore"/>
            <key name="site_comments"/>
            <key name="blog_title"/>
            <key name="blog_layout"/>
            <key name="blog_image_size"/>
            <key name="site_avatars"/>
            <key name="blog_categories"/>
            <key name="blog_tags"/>
            <key name="blog_comment_count"/>
            <key name="related_posts"/>
            <key name="related_posts_number"/>
            <key name="author_bio"/>
            <key name="blog_fancybox"/>
        </key>
    </admin-texts>
</wpml-config>